n,m=2n-1,distribution,mean,std,sem,num_samples
4,7,gaussian,7.1871817796e-02,1.8809389118e-01,5.9480511010e-03,1000
5,9,gaussian,2.5624549744e-02,7.2777925543e-02,2.3014400810e-03,1000
6,11,gaussian,9.8335684844e-03,2.6839627709e-02,8.4874355111e-04,1000
7,13,gaussian,4.9427887605e-03,1.3808953118e-02,4.3667743957e-04,1000
8,15,gaussian,2.7657670872e-03,8.6696746943e-03,2.7415918607e-04,1000
9,17,gaussian,1.5636788419e-03,4.8708731678e-03,1.5403053404e-04,1000
10,19,gaussian,9.7691609443e-04,3.6407535035e-03,1.1513073470e-04,1000
11,21,gaussian,7.8141035199e-04,2.4592986417e-03,7.7769851544e-05,1000
12,23,gaussian,5.0247283801e-04,1.8998092679e-03,6.0077244066e-05,1000
13,25,gaussian,3.1292766899e-04,8.6021869283e-04,2.7202503552e-05,1000
14,27,gaussian,2.9935137535e-04,8.6504964834e-04,2.7355271779e-05,1000
15,29,gaussian,1.4326698505e-04,3.9913673183e-04,1.2621811704e-05,1000
16,31,gaussian,1.5243460360e-04,4.9053375602e-04,1.5512039382e-05,1000
17,33,gaussian,8.7636997173e-05,2.4100704850e-04,7.6213120542e-06,1000
18,35,gaussian,8.5255525080e-05,2.3149906519e-04,7.3206432219e-06,1000
19,37,gaussian,6.0134306630e-05,1.5885979948e-04,5.0235879500e-06,1000
20,39,gaussian,5.7817776202e-05,1.6289870451e-04,5.1513093413e-06,1000
21,41,gaussian,4.6330200706e-05,1.5249629136e-04,4.8223561541e-06,1000
22,43,gaussian,4.1638933292e-05,1.4853127818e-04,4.6969714282e-06,1000
23,45,gaussian,3.9911631563e-05,1.2680239845e-04,4.0098439189e-06,1000
24,47,gaussian,2.5537019224e-05,7.8988569169e-05,2.4978378769e-06,1000
25,49,gaussian,2.0927062957e-05,6.0450806876e-05,1.9116223612e-06,1000
26,51,gaussian,1.8622426361e-05,6.1322862781e-05,1.9391991903e-06,1000
27,53,gaussian,1.5117812756e-05,5.3173185372e-05,1.6814837622e-06,1000
28,55,gaussian,1.6520450812e-05,4.9970910456e-05,1.5802189379e-06,1000
29,57,gaussian,1.4778140427e-05,3.9147726590e-05,1.2379598124e-06,1000
30,59,gaussian,1.2531867123e-05,4.1305311287e-05,1.3061886313e-06,1000
31,61,gaussian,1.1608575016e-05,3.2990826582e-05,1.0432615389e-06,1000
32,63,gaussian,9.1075655311e-06,3.1185559623e-05,9.8617398514e-07,1000
33,65,gaussian,7.7303961797e-06,2.2828298299e-05,7.2189417731e-07,1000
34,67,gaussian,6.5415550403e-06,2.1725041245e-05,6.8700612595e-07,1000
35,69,gaussian,6.4631970488e-06,2.1073355784e-05,6.6639802219e-07,1000
36,71,gaussian,6.1319342392e-06,1.8432909610e-05,5.8289978271e-07,1000
37,73,gaussian,5.5592156615e-06,1.9025207822e-05,6.0162989676e-07,1000
38,75,gaussian,4.2504415725e-06,1.3749595437e-05,4.3480038488e-07,1000
39,77,gaussian,3.9509513620e-06,1.1624726874e-05,3.6760614100e-07,1000
40,79,gaussian,3.6248328841e-06,1.0090689243e-05,3.1909561168e-07,1000
41,81,gaussian,3.1986881899e-06,1.0257610363e-05,3.2437412098e-07,1000
42,83,gaussian,3.4022899628e-06,1.0690411213e-05,3.3806048556e-07,1000
43,85,gaussian,2.9377481219e-06,1.0733048507e-05,3.3940879521e-07,1000
44,87,gaussian,3.3302090471e-06,1.0397191515e-05,3.2878806455e-07,1000
45,89,gaussian,3.1836092579e-06,9.4938547603e-06,3.0022204817e-07,1000
46,91,gaussian,2.0119426094e-06,5.4016281252e-06,1.7081447949e-07,1000
47,93,gaussian,2.1201568751e-06,7.0543032487e-06,2.2307665571e-07,1000
48,95,gaussian,1.9239128936e-06,5.3966996150e-06,1.7065862631e-07,1000
49,97,gaussian,2.1400232635e-06,7.7857048692e-06,2.4620560577e-07,1000
50,99,gaussian,1.7533610345e-06,4.7125909527e-06,1.4902521091e-07,1000
51,101,gaussian,1.6947497167e-06,4.6367514702e-06,1.4662695590e-07,1000
52,103,gaussian,1.4899967268e-06,4.0610924368e-06,1.2842301889e-07,1000
53,105,gaussian,1.1809630609e-06,3.5843045787e-06,1.1334566296e-07,1000
54,107,gaussian,1.2346890472e-06,3.5562864836e-06,1.1245965300e-07,1000
55,109,gaussian,1.2723964838e-06,3.6075718304e-06,1.1408143807e-07,1000
56,111,gaussian,1.2466839082e-06,6.0387496157e-06,1.9096203005e-07,1000
57,113,gaussian,9.0443954682e-07,2.3201859349e-06,7.3370721493e-08,1000
58,115,gaussian,9.2579950884e-07,3.1586012683e-06,9.9883742281e-08,1000
59,117,gaussian,8.3754504189e-07,2.2118058110e-06,6.9943441047e-08,1000
60,119,gaussian,8.3002647931e-07,2.7020848428e-06,8.5447425343e-08,1000
61,121,gaussian,7.3485734669e-07,2.1586693652e-06,6.8263119092e-08,1000
62,123,gaussian,8.3857510737e-07,2.4696136998e-06,7.8096042322e-08,1000
63,125,gaussian,6.8863198613e-07,1.8367093951e-06,5.8081850883e-08,1000
64,127,gaussian,6.8309495829e-07,1.7946072710e-06,5.6750464817e-08,1000
65,129,gaussian,6.5578888291e-07,2.1544020949e-06,6.8128176157e-08,1000
66,131,gaussian,7.2384093123e-07,2.2830554095e-06,7.2196551185e-08,1000
67,133,gaussian,5.7523585682e-07,1.7736341405e-06,5.6087236200e-08,1000
68,135,gaussian,6.5226001033e-07,2.1021049108e-06,6.6474393987e-08,1000
69,137,gaussian,5.2505369789e-07,1.5646344227e-06,4.9478084811e-08,1000
70,139,gaussian,4.7447573080e-07,1.1766728903e-06,3.7209663942e-08,1000
71,141,gaussian,4.1266247203e-07,1.2678238207e-06,4.0092109451e-08,1000
72,143,gaussian,4.1625565069e-07,1.2935461075e-06,4.0905519581e-08,1000
73,145,gaussian,3.9947596701e-07,1.1415294073e-06,3.6098329431e-08,1000
74,147,gaussian,3.8664882145e-07,1.4561189614e-06,4.6046524622e-08,1000
75,149,gaussian,4.1004708611e-07,1.1967557677e-06,3.7844740290e-08,1000
76,151,gaussian,3.6786017483e-07,1.1469019114e-06,3.6268222928e-08,1000
77,153,gaussian,3.5309174261e-07,1.0239820187e-06,3.2381154621e-08,1000
78,155,gaussian,3.2032700143e-07,9.8042903523e-07,3.1003888355e-08,1000
79,157,gaussian,3.0909085547e-07,9.3925150235e-07,2.9701740432e-08,1000
80,159,gaussian,3.0598863467e-07,1.0669969688e-06,3.3741406780e-08,1000
81,161,gaussian,3.2840023092e-07,8.6237414388e-07,2.7270664899e-08,1000
82,163,gaussian,2.5627968183e-07,8.1662501406e-07,2.5823950387e-08,1000
83,165,gaussian,3.0846818739e-07,8.7561403859e-07,2.7689347132e-08,1000
84,167,gaussian,2.5757232220e-07,8.2136362770e-07,2.5973798507e-08,1000
85,169,gaussian,2.4426850332e-07,6.1418900935e-07,1.9422361834e-08,1000
86,171,gaussian,2.0877303957e-07,6.4383239450e-07,2.0359767980e-08,1000
87,173,gaussian,2.3846421979e-07,9.4119363345e-07,2.9763156010e-08,1000
88,175,gaussian,2.2696772647e-07,5.8480630430e-07,1.8493199116e-08,1000
89,177,gaussian,2.0995518249e-07,6.3204156611e-07,1.9986909248e-08,1000
90,179,gaussian,2.2435112285e-07,7.1940788200e-07,2.2749674738e-08,1000
91,181,gaussian,1.9226830825e-07,4.8759167954e-07,1.5419002755e-08,1000
92,183,gaussian,1.6354335109e-07,4.0386200176e-07,1.2771237860e-08,1000
93,185,gaussian,1.8109654358e-07,5.7269716483e-07,1.8110274504e-08,1000
94,187,gaussian,2.0620933491e-07,6.8184717705e-07,2.1561900956e-08,1000
95,189,gaussian,1.5015799886e-07,4.0622067962e-07,1.2845825803e-08,1000
96,191,gaussian,1.9176229142e-07,6.6310721886e-07,2.0969291445e-08,1000
97,193,gaussian,1.6390867676e-07,5.4069273445e-07,1.7098205552e-08,1000
98,195,gaussian,1.5602199045e-07,4.2386448851e-07,1.3403772030e-08,1000
99,197,gaussian,1.2698388408e-07,3.2751849637e-07,1.0357044244e-08,1000
100,199,gaussian,1.2335655594e-07,2.9030111293e-07,9.1801272413e-09,1000
101,201,gaussian,1.3514340452e-07,4.5094092630e-07,1.4260004173e-08,1000
102,203,gaussian,1.1780701809e-07,3.2176280010e-07,1.0175033146e-08,1000
103,205,gaussian,1.3180010250e-07,4.1491460312e-07,1.3120751803e-08,1000
104,207,gaussian,1.2853044288e-07,3.1250088096e-07,9.8821455465e-09,1000
105,209,gaussian,1.2151288028e-07,3.5864952747e-07,1.1341493885e-08,1000
106,211,gaussian,1.3794443307e-07,4.8587434240e-07,1.5364695786e-08,1000
107,213,gaussian,1.1160401716e-07,3.6493617924e-07,1.1540295270e-08,1000
108,215,gaussian,1.1100874543e-07,2.9742702054e-07,9.4054682259e-09,1000
109,217,gaussian,1.0671528188e-07,3.0709565603e-07,9.7112173259e-09,1000
110,219,gaussian,9.2249903658e-08,2.4549046716e-07,7.7630902010e-09,1000
111,221,gaussian,1.0588214986e-07,2.9041372274e-07,9.1836882764e-09,1000
112,223,gaussian,1.0733940550e-07,3.5671451657e-07,1.1280303468e-08,1000
113,225,gaussian,9.8507483927e-08,2.8732124905e-07,9.0858956716e-09,1000
114,227,gaussian,9.3375367462e-08,2.8446559956e-07,8.9955921058e-09,1000
115,229,gaussian,9.0407908538e-08,3.7875556780e-07,1.1977302707e-08,1000
116,231,gaussian,7.3627365123e-08,2.2363306531e-07,7.0718984650e-09,1000
117,233,gaussian,7.6143053516e-08,2.5031779005e-07,7.9157435543e-09,1000
118,235,gaussian,7.1466788958e-08,1.9152990871e-07,6.0567075157e-09,1000
119,237,gaussian,6.5563497219e-08,1.9563377598e-07,6.1864831936e-09,1000
120,239,gaussian,6.7677372925e-08,1.8581762662e-07,5.8760692953e-09,1000
121,241,gaussian,6.7654935716e-08,1.5493586141e-07,4.8995021329e-09,1000
122,243,gaussian,6.9066915667e-08,2.1447684988e-07,6.7823535099e-09,1000
123,245,gaussian,7.0581692893e-08,2.1129796989e-07,6.6818284981e-09,1000
124,247,gaussian,8.1097843853e-08,3.3679371236e-07,1.0650352327e-08,1000
125,249,gaussian,6.6655491440e-08,1.6162709712e-07,5.1110975851e-09,1000
126,251,gaussian,6.9426823883e-08,2.2090530547e-07,6.9856391250e-09,1000
127,253,gaussian,5.5630732072e-08,1.8338663221e-07,5.7991945020e-09,1000
128,255,gaussian,5.9590594924e-08,1.5944198303e-07,5.0419982102e-09,1000
129,257,gaussian,5.6502913268e-08,1.6583459021e-07,5.2441501991e-09,1000
130,259,gaussian,5.0611375231e-08,1.2741853125e-07,4.0293277487e-09,1000
131,261,gaussian,5.6896202823e-08,1.5731970430e-07,4.9748858641e-09,1000
132,263,gaussian,4.8394821194e-08,1.3065712850e-07,4.1317411859e-09,1000
133,265,gaussian,4.6392593646e-08,1.3470816637e-07,4.2598462515e-09,1000
134,267,gaussian,5.6170997750e-08,1.7951612371e-07,5.6767982765e-09,1000
135,269,gaussian,4.4524788524e-08,1.1213788143e-07,3.5461111731e-09,1000
136,271,gaussian,5.2145017300e-08,1.3269527061e-07,4.1961928987e-09,1000
137,273,gaussian,4.8511751258e-08,1.6150424041e-07,5.1072125147e-09,1000
138,275,gaussian,4.5784537164e-08,1.2749405666e-07,4.0317160718e-09,1000
139,277,gaussian,4.8521018474e-08,1.2626866909e-07,3.9929659143e-09,1000
140,279,gaussian,3.7193335998e-08,9.3841025868e-08,2.9675137971e-09,1000
141,281,gaussian,4.3390906873e-08,1.2034117576e-07,3.8055221170e-09,1000
142,283,gaussian,3.9904593546e-08,9.7364453861e-08,3.0789343734e-09,1000
143,285,gaussian,3.8887577414e-08,1.0530171903e-07,3.3299327366e-09,1000
144,287,gaussian,4.0568911474e-08,1.2641060213e-07,3.9974542313e-09,1000
145,289,gaussian,3.9404053186e-08,1.0505606052e-07,3.3221643325e-09,1000
146,291,gaussian,3.9728484932e-08,1.2270923525e-07,3.8804067334e-09,1000
147,293,gaussian,3.1303330714e-08,8.8594081231e-08,2.8015908390e-09,1000
148,295,gaussian,3.8301581513e-08,1.0202927971e-07,3.2264491190e-09,1000
149,297,gaussian,3.7079049802e-08,1.1393737593e-07,3.6030161856e-09,1000
150,299,gaussian,3.4703199857e-08,1.0115352078e-07,3.1987551900e-09,1000
151,301,gaussian,3.2088654392e-08,9.5907431494e-08,3.0328592806e-09,1000
152,303,gaussian,3.0345428886e-08,7.5633312149e-08,2.3917353337e-09,1000
153,305,gaussian,3.3590930183e-08,8.6996530911e-08,2.7510718621e-09,1000
154,307,gaussian,3.0948871116e-08,8.9335631739e-08,2.8250407250e-09,1000
155,309,gaussian,3.2669046945e-08,1.0980357517e-07,3.4722939277e-09,1000
156,311,gaussian,2.7405779741e-08,9.4456165012e-08,2.9869662048e-09,1000
157,313,gaussian,2.9521539012e-08,7.9062409476e-08,2.5001729124e-09,1000
158,315,gaussian,3.1076587350e-08,8.1151750373e-08,2.5662436729e-09,1000
159,317,gaussian,3.1871514079e-08,8.5539221961e-08,2.7049877068e-09,1000
160,319,gaussian,3.0124683498e-08,8.5449057633e-08,2.7021364603e-09,1000
161,321,gaussian,3.0621465577e-08,9.8744144328e-08,3.1225640168e-09,1000
162,323,gaussian,2.3934554950e-08,6.4357909311e-08,2.0351757887e-09,1000
163,325,gaussian,2.7545516789e-08,7.0694290962e-08,2.2355497701e-09,1000
164,327,gaussian,2.5296786017e-08,8.8647267168e-08,2.8032727260e-09,1000
165,329,gaussian,2.7779694328e-08,7.2080899382e-08,2.2793981784e-09,1000
166,331,gaussian,2.4592520649e-08,6.0212254438e-08,1.9040786708e-09,1000
167,333,gaussian,2.0362509351e-08,4.8295450515e-08,1.5272362425e-09,1000
168,335,gaussian,2.1059910122e-08,5.8226118085e-08,1.8412715246e-09,1000
169,337,gaussian,2.4311654683e-08,7.1691006920e-08,2.2670686962e-09,1000
170,339,gaussian,2.2977148014e-08,7.7566010905e-08,2.4528526347e-09,1000
171,341,gaussian,2.2147430727e-08,7.2614088283e-08,2.2962590919e-09,1000
172,343,gaussian,2.1671583281e-08,6.3435735529e-08,2.0060140932e-09,1000
173,345,gaussian,1.8517124778e-08,4.4367515285e-08,1.4030240242e-09,1000
174,347,gaussian,1.9641456014e-08,6.1995004491e-08,1.9604541774e-09,1000
175,349,gaussian,2.0737918877e-08,5.8162610025e-08,1.8392632234e-09,1000
176,351,gaussian,2.0706448405e-08,6.3664983788e-08,2.0132635597e-09,1000
177,353,gaussian,1.8263706586e-08,4.4147548381e-08,1.3960680600e-09,1000
178,355,gaussian,1.7343421406e-08,4.8750872888e-08,1.5416379625e-09,1000
179,357,gaussian,1.4319866565e-08,3.7542802461e-08,1.1872076552e-09,1000
180,359,gaussian,1.7264203641e-08,4.8719032735e-08,1.5406310884e-09,1000
181,361,gaussian,1.9591265473e-08,5.5122681751e-08,1.7431322507e-09,1000
182,363,gaussian,1.5483991061e-08,5.4995153397e-08,1.7390994501e-09,1000
183,365,gaussian,1.6062229620e-08,4.2329113768e-08,1.3385641084e-09,1000
184,367,gaussian,1.5077490454e-08,3.5576575950e-08,1.1250301135e-09,1000
185,369,gaussian,1.7002775580e-08,4.5860607825e-08,1.4502397561e-09,1000
186,371,gaussian,1.7548857409e-08,4.6609866964e-08,1.4739334104e-09,1000
187,373,gaussian,1.5433749208e-08,4.4886149683e-08,1.4194246839e-09,1000
188,375,gaussian,1.6514435350e-08,5.1494817554e-08,1.6284091117e-09,1000
189,377,gaussian,1.2704035549e-08,3.2493836465e-08,1.0275453315e-09,1000
190,379,gaussian,1.6429036095e-08,4.2474608237e-08,1.3431650475e-09,1000
191,381,gaussian,1.3203204539e-08,3.2440953509e-08,1.0258730256e-09,1000
192,383,gaussian,1.5989615903e-08,3.7510955326e-08,1.1862005604e-09,1000
193,385,gaussian,1.5141529992e-08,3.6607851921e-08,1.1576419232e-09,1000
194,387,gaussian,1.2443332648e-08,2.9076792687e-08,9.1948891943e-10,1000
195,389,gaussian,1.2955782651e-08,3.5315356188e-08,1.1167696193e-09,1000
196,391,gaussian,1.1579469963e-08,3.3697054510e-08,1.0655944269e-09,1000
197,393,gaussian,1.4266529752e-08,4.2655620502e-08,1.3488891579e-09,1000
198,395,gaussian,1.1667025616e-08,2.9960523070e-08,9.4743492790e-10,1000
199,397,gaussian,1.1760246241e-08,3.1053872202e-08,9.8200966325e-10,1000
200,399,gaussian,1.2695316042e-08,3.5107008243e-08,1.1101810788e-09,1000
