idx,size,true_h,exact_h,noisy_h,err_exact,err_noisy
0,1,-0.044655796354163384,-0.04465579635416334,-0.04462587269320246,4.163336342344337e-17,2.9923660960926024e-05
1,1,-0.016604439691806864,-0.016604439691807034,-0.016634641437851205,-1.700029006457271e-16,-3.020174604434142e-05
2,1,0.0581458768100489,0.05814587681004907,0.05818211194325193,1.6653345369377348e-16,3.6235133203027514e-05
3,1,0.008757350304547423,0.008757350304547332,0.008723238227681007,-9.020562075079397e-17,-3.411207686641535e-05
4,1,0.04154560372058933,0.04154560372058943,0.04148803613120039,9.71445146547012e-17,-5.756758938894185e-05
5,1,0.026054466793721885,0.026054466793721486,0.026002421200661097,-3.9898639947466563e-16,-5.204559306078854e-05
6,1,-0.02873438225671247,-0.028734382256712612,-0.028742586397802694,-1.4224732503009818e-16,-8.204141090224076e-06
7,1,0.024467481143560083,0.0244674811435603,0.024417666458970755,2.1510571102112408e-16,-4.981468458932839e-05
8,1,-0.01429331394873159,-0.014293313948731491,-0.014296316437513418,9.8879238130678e-17,-3.002488781827725e-06
9,1,-0.014554880159982717,-0.014554880159982818,-0.014572681484842837,-1.0061396160665481e-16,-1.780132486011929e-05
10,1,0.004386806526117427,0.004386806526117492,0.00442042736225734,6.505213034913027e-17,3.3620836139913214e-05
11,1,-0.06889107940109898,-0.06889107940109901,-0.06890436731204128,-2.7755575615628914e-17,-1.3287910942294534e-05
12,1,0.05382264445750539,0.053822644457505404,0.0538034118399707,1.3877787807814457e-17,-1.923261753469102e-05
13,1,-0.03029764129489029,-0.030297641294890175,-0.03029559639106892,1.1449174941446927e-16,2.0449038213680992e-06
14,1,0.04515909750396291,0.045159097503963005,0.04517750043848171,9.71445146547012e-17,1.8402934518803316e-05
15,1,0.006154480785815268,0.006154480785815229,0.006188642991555198,-3.903127820947816e-17,3.416220573992934e-05
16,1,0.06916659638141028,0.06916659638141012,0.0691680491205327,-1.5265566588595902e-16,1.4527391224289365e-06
17,1,-0.02979559558784138,-0.029795595587841416,-0.029745386171900097,-3.469446951953614e-17,5.0209415941283864e-05
18,1,-0.014076581816679711,-0.014076581816679788,-0.014030034884158283,-7.632783294297951e-17,4.654693252142787e-05
19,1,0.01524924047492263,0.015249240474922605,0.015184411028379556,-2.42861286636753e-17,-6.482944654307397e-05
20,1,-0.09966055204879043,-0.09966055204879035,-0.09966534835646135,8.326672684688674e-17,-4.7963076709178765e-06
21,1,0.037378114706037156,0.037378114706037115,0.037358673588186085,-4.163336342344337e-17,-1.9441117851071166e-05
22,1,0.06959988573139421,0.06959988573139411,0.06966207024709219,-9.71445146547012e-17,6.218451569797723e-05
23,1,0.05087187196276286,0.05087187196276283,0.050890545729562246,-3.469446951953614e-17,1.8673766799384706e-05
24,1,0.03407553534140073,0.03407553534140063,0.03414001652230431,-1.0408340855860843e-16,6.448118090358196e-05
25,1,-0.006590454310657408,-0.006590454310657358,-0.0065932420024658505,4.9439619065339e-17,-2.787691808442752e-06
26,1,0.05787395528101333,0.05787395528101329,0.057900783817322124,-4.163336342344337e-17,2.682853630879556e-05
27,1,0.048489189638912904,0.048489189638912834,0.0484572153059535,-6.938893903907228e-17,-3.197433295940716e-05
28,1,0.017725627369863543,0.017725627369863564,0.017731568512516796,2.0816681711721685e-17,5.9411426532526845e-06
29,1,0.00023089554391099207,0.00023089554391102722,0.00027778535978587347,3.515525544284248e-17,4.68898158748814e-05
30,1,-0.01633266511254611,-0.016332665112546097,-0.0162999442407154,1.3877787807814457e-17,3.272087183071176e-05
31,1,-0.05554121177430511,-0.055541211774304926,-0.05560829284972548,1.8735013540549517e-16,-6.708107542036795e-05
32,1,0.05536049299155649,0.055360492991556376,0.05538577589933221,-1.1102230246251565e-16,2.5282907775724117e-05
33,1,-0.09806112206758894,-0.09806112206758874,-0.09815710017979724,1.942890293094024e-16,-9.597811220830865e-05
34,1,-0.01671101780545141,-0.01671101780545147,-0.016785535608913757,-6.245004513516506e-17,-7.451780346234838e-05
35,1,0.007421256161838655,0.0074212561618387275,0.007462543529743868,7.28583859910259e-17,4.128736790521333e-05
36,2,0.038820999117387595,0.03882099911738776,0.03873247860965091,1.6653345369377348e-16,-8.852050773668768e-05
37,2,0.0795336036321825,0.07953360363218229,0.0795531074655743,-2.0816681711721685e-16,1.950383339180406e-05
38,2,0.04484552298568131,0.044845522985681445,0.04465181044998575,1.3183898417423734e-16,-0.00019371253569556296
39,2,-0.013161298593088707,-0.01316129859308873,-0.013066846492246256,-2.2551405187698492e-17,9.445210084245079e-05
40,2,0.03287272682317196,0.03287272682317205,0.03284976586366333,9.020562075079397e-17,-2.2960959508627754e-05
41,2,-0.05695738628319091,-0.0569573862831911,-0.05690494717394057,-1.942890293094024e-16,5.243910925033929e-05
42,2,0.06455734033475972,0.06455734033475961,0.06464683718526154,-1.1102230246251565e-16,8.949685050181622e-05
43,2,-0.007064381167766867,-0.00706438116776672,-0.007033395263674949,1.474514954580286e-16,3.0985904091918384e-05
44,2,-0.030418159898171527,-0.03041815989817134,-0.03030128024661742,1.8735013540549517e-16,0.0001168796515541061
45,2,-0.02885160419693266,-0.028851604196932727,-0.028911799826136942,-6.591949208711867e-17,-6.0195629204281426e-05
46,2,-0.002770275810215633,-0.0027702758102155943,-0.002938062309790703,3.859759734048396e-17,-0.00016778649957507018
47,2,-0.017733034988174877,-0.01773303498817481,-0.017760227192602552,6.591949208711867e-17,-2.7192204427674976e-05
48,2,0.10338241333147967,0.10338241333147945,0.10326661375780806,-2.220446049250313e-16,-0.00011579957367160998
49,2,-0.03242367690665719,-0.032423676906657144,-0.03229212278832047,4.85722573273506e-17,0.00013155411833672137
50,2,0.00147213962925222,0.001472139629252081,0.0015263005581849659,-1.3899471851264167e-16,5.4160928932745975e-05
51,2,0.0012663667856197157,0.0012663667856197716,0.0011527907908397731,5.594483210025203e-17,-0.00011357599477994254
52,2,0.0012763996602860174,0.0012763996602860263,0.0012275454253517892,8.890457814381136e-18,-4.885423493422819e-05
53,2,0.002498695978543622,0.002498695978543385,0.002504643782795444,-2.3678975447083417e-16,5.947804251821894e-06
54,2,-0.0217410865911413,-0.021741086591141316,-0.02175040926290775,-1.734723475976807e-17,-9.322671766450602e-06
55,2,-0.026339059937443583,-0.026339059937443596,-0.026132210620384143,-1.3877787807814457e-17,0.00020684931705943974
56,2,-0.038923903312327465,-0.03892390331232735,-0.03897013006375935,1.1796119636642288e-16,-4.622675143188537e-05
57,2,-0.06718652109311762,-0.06718652109311754,-0.06730197828433258,8.326672684688674e-17,-0.0001154571912149599
58,2,0.009765590325132514,0.009765590325132627,0.009742434431775698,1.1275702593849246e-16,-2.3155893356816004e-05
59,2,0.04444157416789206,0.044441574167891885,0.04439436770837095,-1.734723475976807e-16,-4.720645952110969e-05
60,2,-0.024518583888323574,-0.024518583888323533,-0.02458848277480763,4.163336342344337e-17,-6.98988864840551e-05
61,2,-0.02521975631719966,-0.025219756317199644,-0.025118838575895905,1.3877787807814457e-17,0.00010091774130375347
62,2,-0.014288229417807455,-0.014288229417807434,-0.014236685557826279,2.0816681711721685e-17,5.154385998117593e-05
63,2,-0.020796472010400913,-0.020796472010400892,-0.020802472895715237,2.0816681711721685e-17,-6.0008853143243834e-06
64,2,-0.0648431756119181,-0.06484317561191803,-0.06491554583099006,6.938893903907228e-17,-7.237021907195718e-05
65,2,0.061630442269429535,0.061630442269429445,0.061638139652967654,-9.020562075079397e-17,7.697383538118885e-06
66,2,0.01981949896377489,0.019819498963774943,0.019887677049243664,5.204170427930421e-17,6.817808546877302e-05
67,2,-0.0321308484440755,-0.03213084844407549,-0.03191409750130587,1.3877787807814457e-17,0.00021675094276963486
68,2,0.013416393914522923,0.01341639391452289,0.013482876352211275,-3.2959746043559335e-17,6.648243768835223e-05
69,2,-0.019795001562795424,-0.01979500156279544,-0.019736712766793063,-1.3877787807814457e-17,5.828879600236134e-05
70,2,-0.009554781243346832,-0.009554781243346827,-0.009695930492095762,5.204170427930421e-18,-0.00014114924874892958
71,2,0.01643185109447098,0.01643185109447108,0.016512311917337714,1.0061396160665481e-16,8.046082286673403e-05
72,2,0.04302342505436551,0.04302342505436549,0.043090744218909065,-2.0816681711721685e-17,6.731916454355558e-05
73,2,0.06860185562345078,0.06860185562345077,0.0686245479587923,-1.3877787807814457e-17,2.269233534152315e-05
74,2,0.07692628748883454,0.07692628748883429,0.07684111712871154,-2.498001805406602e-16,-8.517036012299639e-05
75,2,-0.011235207647765692,-0.011235207647765706,-0.011266848747608882,-1.3877787807814457e-17,-3.1641099843189927e-05
76,2,-0.02256211667667452,-0.02256211667667449,-0.022596338618937097,2.7755575615628914e-17,-3.422194226257794e-05
77,2,0.004496521849062207,0.004496521849062148,0.004493019525355454,-5.898059818321144e-17,-3.5023237067530882e-06
78,2,0.005794302538682942,0.005794302538682991,0.005687791435057123,4.85722573273506e-17,-0.00010651110362581897
79,2,-0.03314786734333011,-0.03314786734333011,-0.032967818879314235,0.0,0.00018004846401587643
80,2,-0.028012556906650745,-0.028012556906650665,-0.028163764938863113,7.979727989493313e-17,-0.0001512080322123681
81,2,0.036716815006100335,0.03671681500610038,0.036683259437771794,4.163336342344337e-17,-3.355556832854156e-05
82,2,0.07412228206163268,0.07412228206163263,0.07415111508753564,-5.551115123125783e-17,2.8833025902952336e-05
83,2,-0.010225818860050383,-0.010225818860050445,-0.010132026855004183,-6.245004513516506e-17,9.37920050462001e-05
84,2,-0.02925364263607744,-0.029253642636077354,-0.029298807834980886,8.673617379884035e-17,-4.5165198903445586e-05
85,2,-0.012793341172135453,-0.012793341172135488,-0.012762368244127707,-3.469446951953614e-17,3.097292800774594e-05
86,2,-0.044927129862110456,-0.04492712986211041,-0.0450673114718841,4.85722573273506e-17,-0.0001401816097736444
87,2,-0.012319323789974008,-0.012319323789974038,-0.012124352432006652,-2.949029909160572e-17,0.0001949713579673558
88,2,0.019072057787205988,0.01907205778720596,0.01904429025815579,-2.7755575615628914e-17,-2.776752905019747e-05
89,2,-0.003672385320872243,-0.003672385320872207,-0.003630452971686404,3.599551212651875e-17,4.1932349185839265e-05
90,2,0.05573739333238248,0.05573739333238253,0.05588420335122006,4.85722573273506e-17,0.0001468100188375815
91,2,0.00681213203693009,0.006812132036930006,0.006900502155659305,-8.413408858487514e-17,8.837011872921477e-05
92,2,0.021721071562243347,0.021721071562243295,0.021633804439339308,-5.204170427930421e-17,-8.726712290403962e-05
93,2,-0.006715946502509552,-0.006715946502509554,-0.006720741531513594,-2.6020852139652106e-18,-4.79502900404237e-06
94,2,0.059398272862732124,0.05939827286273219,0.059461918429692395,6.938893903907228e-17,6.364556696027146e-05
95,2,-0.055185156267577945,-0.05518515626757801,-0.05518651068875748,-6.245004513516506e-17,-1.3544211795377126e-06
96,2,-0.013706218213333324,-0.013706218213333262,-0.013565604503857465,6.245004513516506e-17,0.0001406137094758595
97,2,-0.05298844521547358,-0.05298844521547351,-0.053081846276799245,6.938893903907228e-17,-9.340106132566667e-05
98,2,0.037303715513751876,0.03730371551375183,0.037270307582918806,-4.85722573273506e-17,-3.340793083306953e-05
99,2,0.03838944431586469,0.038389444315864704,0.038342113430292826,1.3877787807814457e-17,-4.7330885571864045e-05
100,2,-0.02328532549780435,-0.023285325497804387,-0.023216488229934787,-3.8163916471489756e-17,6.883726786956201e-05
101,2,0.07485873259964208,0.07485873259964186,0.0749638674127585,-2.220446049250313e-16,0.00010513481311641426
102,2,-0.013420494795616559,-0.01342049479561656,-0.013383975632623057,-1.734723475976807e-18,3.651916299350112e-05
103,2,-0.062455235576199496,-0.062455235576199544,-0.06260119193161291,-4.85722573273506e-17,-0.00014595635541341662
104,2,-0.012695521229444248,-0.01269552122944422,-0.01279652558144391,2.7755575615628914e-17,-0.00010100435199966208
105,2,0.016253822212610018,0.016253822212610024,0.01628509599203882,6.938893903907228e-18,3.127377942880108e-05
106,2,-0.010582080835626744,-0.010582080835626735,-0.010482343868919284,8.673617379884035e-18,9.973696670746018e-05
107,2,0.10228130907118073,0.10228130907118056,0.10227126400868072,-1.6653345369377348e-16,-1.0045062500005364e-05
108,2,0.038618084694932074,0.038618084694932074,0.038708166743130615,0.0,9.008204819854065e-05
109,2,0.0781619586116185,0.07816195861161838,0.07803765760215634,-1.1102230246251565e-16,-0.0001243010094621605
110,2,0.06256847867564898,0.06256847867564903,0.06265488627742533,5.551115123125783e-17,8.640760177634765e-05
111,2,-0.07610800966709473,-0.0761080096670947,-0.07605323206820098,2.7755575615628914e-17,5.4777598893746005e-05
112,2,-0.017054642895271605,-0.017054642895271577,-0.016951568919764844,2.7755575615628914e-17,0.00010307397550676084
113,2,-0.12318276331351474,-0.12318276331351471,-0.1232221342624111,2.7755575615628914e-17,-3.937094889636117e-05
114,2,-0.029182830794730937,-0.029182830794730955,-0.029264569261184047,-1.734723475976807e-17,-8.173846645311011e-05
115,2,0.05034353827508262,0.05034353827508264,0.05051256823113603,2.0816681711721685e-17,0.00016902995605341115
116,2,-0.03806839572373995,-0.03806839572374005,-0.03802665399595955,-1.0408340855860843e-16,4.1741727780396365e-05
117,2,-0.028744530908031907,-0.028744530908031907,-0.028728346397134914,0.0,1.6184510896993798e-05
118,2,0.014723957747014692,0.014723957747014712,0.014738448381368176,1.9081958235744878e-17,1.449063435348362e-05
119,2,0.03554492614183673,0.03554492614183669,0.035479511342366384,-3.469446951953614e-17,-6.541479947034384e-05
120,2,-0.016086456848260444,-0.016086456848260475,-0.016127756213021927,-3.122502256758253e-17,-4.129936476148302e-05
121,2,-0.011549135409273381,-0.011549135409273329,-0.011512994845704259,5.204170427930421e-17,3.61405635691224e-05
122,2,0.03652304355628137,0.03652304355628137,0.03658989389579473,0.0,6.685033951335517e-05
123,2,0.011469970685913544,0.011469970685913516,0.01147148304166567,-2.7755575615628914e-17,1.5123557521260628e-06
124,2,-0.012879823035787321,-0.012879823035787327,-0.013009221051284743,-5.204170427930421e-18,-0.0001293980154974221
125,2,0.014198868417781504,0.014198868417781462,0.014224737241488126,-4.163336342344337e-17,2.586882370662208e-05
126,2,0.0034366527069086246,0.003436652706908665,0.003430061742806683,4.0332320816460765e-17,-6.590964101941838e-06
127,2,0.011495895799677698,0.011495895799677618,0.011467055120629467,-7.979727989493313e-17,-2.8840679048231302e-05
128,2,0.09034945214836708,0.09034945214836687,0.09025455838469373,-2.0816681711721685e-16,-9.489376367334545e-05
129,2,-0.013779201996329416,-0.013779201996329411,-0.013710923317815994,5.204170427930421e-18,6.827867851342227e-05
130,2,-0.024368638140832375,-0.024368638140832337,-0.024259773969466936,3.8163916471489756e-17,0.00010886417136543938
131,2,0.06382109620780047,0.06382109620780042,0.06377813180425054,-4.163336342344337e-17,-4.296440354992215e-05
132,2,-0.03186022042481728,-0.03186022042481725,-0.03172570527733911,2.7755575615628914e-17,0.00013451514747817028
133,2,0.07764773670136854,0.0776477367013684,0.07772601605306198,-1.3877787807814457e-16,7.82793516934388e-05
134,2,-0.008767435546282294,-0.008767435546282303,-0.008820854656999222,-8.673617379884035e-18,-5.3419110716927676e-05
135,2,0.003333627850126615,0.003333627850126603,0.0032994905328019098,-1.214306433183765e-17,-3.41373173247052e-05
136,2,0.033121067612948085,0.0331210676129481,0.033233437531409504,1.3877787807814457e-17,0.00011236991846141908
137,2,0.054768183392843985,0.05476818339284383,0.05470457643463845,-1.5265566588595902e-16,-6.360695820553652e-05
138,2,0.04501143235721248,0.04501143235721255,0.04513456005206219,6.938893903907228e-17,0.00012312769484971314
139,2,-0.009193511950390075,-0.009193511950390075,-0.00929803850819225,0.0,-0.00010452655780217486
140,2,-0.016543138463779455,-0.01654313846377943,-0.016515955730529903,2.42861286636753e-17,2.718273324955195e-05
141,2,0.015687324629497536,0.015687324629497516,0.015763429193165406,-2.0816681711721685e-17,7.610456366786977e-05
142,2,0.0060821530669312816,0.0060821530669313085,0.0061452672137473985,2.688821387764051e-17,6.311414681611695e-05
143,2,-0.02899666160289476,-0.02899666160289474,-0.029006796585714728,1.734723475976807e-17,-1.013498281996969e-05
144,2,0.01854311330006665,0.018543113300066676,0.01858304263917742,2.7755575615628914e-17,3.992933911077176e-05
145,2,0.04488145291171504,0.04488145291171496,0.044832227458322736,-7.632783294297951e-17,-4.922545339230283e-05
146,2,0.00751726722540244,0.007517267225402403,0.00740439760976366,-3.729655473350135e-17,-0.00011286961563878022
147,2,0.07060979205234603,0.07060979205234601,0.07072959266554624,-2.7755575615628914e-17,0.00011980061320020219
148,2,0.018523883163693116,0.018523883163693085,0.018593557451576932,-3.122502256758253e-17,6.967428788381622e-05
149,2,-0.007034479268786189,-0.007034479268786194,-0.007133618101200261,-5.204170427930421e-18,-9.913883241407205e-05
150,2,0.0045243950247950086,0.004524395024795013,0.004466842584336197,4.336808689942018e-18,-5.755244045881156e-05
151,2,-0.025287243223925004,-0.025287243223924935,-0.025341857380961213,6.938893903907228e-17,-5.4614157036208394e-05
152,2,-0.04655994133474682,-0.0465599413347469,-0.046600336571186195,-7.632783294297951e-17,-4.039523643937365e-05
153,2,0.02151380126569503,0.02151380126569499,0.021515737105458975,-4.163336342344337e-17,1.9358397639439306e-06
154,2,-0.038521635800022096,-0.038521635800022117,-0.03840724031572057,-2.0816681711721685e-17,0.00011439548430152574
155,2,-0.016175784039101398,-0.016175784039101398,-0.016161147309790232,0.0,1.4636729311165442e-05
156,2,-0.00402710894030121,-0.004027108940301241,-0.003921794359328953,-3.122502256758253e-17,0.00010531458097225686
157,2,0.017386272747403588,0.017386272747403547,0.017318195819024725,-4.163336342344337e-17,-6.807692837886362e-05
158,2,0.02082004978776045,0.020820049787760413,0.02073664641918023,-3.8163916471489756e-17,-8.340336858022115e-05
159,2,0.0024480267110463844,0.0024480267110463905,0.002384968447257711,6.071532165918825e-18,-6.305826378867358e-05
160,2,-0.08719261925352038,-0.08719261925352029,-0.0872009605008936,9.71445146547012e-17,-8.341247373214178e-06
161,2,-0.009327026923528952,-0.009327026923529004,-0.00926330854682751,-5.204170427930421e-17,6.371837670144168e-05
162,2,-0.0350132265785796,-0.03501322657857956,-0.035038399138761715,4.163336342344337e-17,-2.517256018211289e-05
163,2,-0.005027000587790996,-0.00502700058779103,-0.004942799195861986,-3.382710778154774e-17,8.420139192900997e-05
164,2,0.044755336870656165,0.04475533687065608,0.04481419168045363,-8.326672684688674e-17,5.885480979746227e-05
165,2,0.03633534918583339,0.036335349185833386,0.036278480939932196,-6.938893903907228e-18,-5.686824590119682e-05
166,2,0.009947236077228314,0.009947236077228324,0.009926513862797198,1.0408340855860843e-17,-2.072221443111602e-05
167,2,0.02283350421001204,0.022833504210012033,0.0228576360036128,-6.938893903907228e-18,2.4131793600761647e-05
168,2,-0.06719706685180882,-0.06719706685180903,-0.06717710209939487,-2.0816681711721685e-16,1.9964752413947906e-05
169,2,0.008797668618664397,0.008797668618664342,0.008658165143807852,-5.551115123125783e-17,-0.0001395034748565456
170,2,0.02819474693971287,0.028194746939712884,0.02821253180667311,1.3877787807814457e-17,1.7784866960239565e-05
171,2,-0.03187948200341674,-0.03187948200341675,-0.03174958028789657,-6.938893903907228e-18,0.0001299017155201726
172,2,0.0182839485473187,0.018283948547318737,0.01820566397444926,3.8163916471489756e-17,-7.82845728694373e-05
173,2,-0.01719313764564384,-0.01719313764564384,-0.01721027822761737,0.0,-1.714058197352722e-05
174,2,0.04516981230244298,0.04516981230244291,0.045172427369915696,-6.938893903907228e-17,2.6150674727193346e-06
175,2,0.05004170981457631,0.050041709814576285,0.050014765418617775,-2.7755575615628914e-17,-2.694439595853776e-05
176,2,-0.024143817050961396,-0.0241438170509614,-0.02403605449092936,-3.469446951953614e-18,0.00010776256003203546
177,2,0.0660464696265874,0.06604646962658725,0.06614017430605967,-1.5265566588595902e-16,9.370467947227012e-05
178,2,-0.008581542618923837,-0.008581542618923844,-0.008701963213479331,-6.938893903907228e-18,-0.00012042059455549467
179,2,0.09309047494597639,0.0930904749459764,0.09314272642589762,1.3877787807814457e-17,5.2251479921230914e-05
180,2,-0.022192165711805198,-0.022192165711805174,-0.0223290577369733,2.42861286636753e-17,-0.00013689202516810328
181,2,0.0028784021041358735,0.002878402104135853,0.0028015421578985425,-2.0383000842727483e-17,-7.685994623733098e-05
182,2,0.00962484860216315,0.009624848602163187,0.009572872567375964,3.8163916471489756e-17,-5.197603478718574e-05
183,2,-0.0338961396447689,-0.03389613964476882,-0.03397422159492638,7.632783294297951e-17,-7.808195015748115e-05
184,2,-0.0778955957436558,-0.07789559574365551,-0.07777226591367178,2.914335439641036e-16,0.00012332982998401743
185,2,-0.036099666634254235,-0.03609966663425406,-0.03613558670066022,1.734723475976807e-16,-3.592006640598666e-05
186,2,0.04874088593914371,0.048740885939143705,0.048706239662863714,-6.938893903907228e-18,-3.464627627999817e-05
187,2,-0.014838289648654643,-0.014838289648654645,-0.014835338114405315,-1.734723475976807e-18,2.9515342493281055e-06
188,2,-0.014749801632618952,-0.014749801632618935,-0.014754779659842981,1.734723475976807e-17,-4.978027224029555e-06
189,2,0.06847895547489433,0.06847895547489419,0.0684600210839001,-1.3877787807814457e-16,-1.893439099422134e-05
190,2,0.022281718146600838,0.0222817181466008,0.022150217547333328,-3.8163916471489756e-17,-0.0001315005992675103
191,2,0.0317070691367006,0.03170706913670056,0.031762377185448845,-4.163336342344337e-17,5.5308048748245464e-05
192,2,0.03835000258922218,0.038350002589222276,0.03832808271697397,9.71445146547012e-17,-2.1919872248206407e-05
193,2,-0.04096713919375302,-0.040967139193752944,-0.04096949043204789,7.632783294297951e-17,-2.351238294867608e-06
194,2,0.005631005125784005,0.005631005125783998,0.005572352726800753,-6.938893903907228e-18,-5.8652398983252e-05
195,2,0.006781832089130972,0.00678183208913092,0.0068534413122316035,-5.204170427930421e-17,7.160922310063111e-05
196,2,-0.007172340499788278,-0.0071723404997882725,-0.007035298549175544,5.204170427930421e-18,0.00013704195061273357
197,2,-0.04934703500508019,-0.049347035005080135,-0.04943618028606434,5.551115123125783e-17,-8.914528098415142e-05
198,2,0.020938234013837355,0.02093823401383728,0.021004882872193636,-7.632783294297951e-17,6.66488583562809e-05
199,2,-0.0748745119709631,-0.0748745119709631,-0.07480785794695939,0.0,6.6654024003715e-05
200,2,-0.0423056914315808,-0.042305691431580784,-0.0423130471574438,1.3877787807814457e-17,-7.355725863002205e-06
201,2,-0.03653913582981778,-0.03653913582981775,-0.03656195188513608,2.7755575615628914e-17,-2.2816055318300443e-05
202,2,-0.01860648211693825,-0.018606482116938244,-0.018707346620310778,6.938893903907228e-18,-0.00010086450337252681
203,2,0.037972751958996714,0.037972751958996784,0.03805169594572682,6.938893903907228e-17,7.894398673010533e-05
204,2,0.07479404216514027,0.07479404216514035,0.07473440372737877,8.326672684688674e-17,-5.963843776149447e-05
205,2,0.07775635340232619,0.07775635340232623,0.07782047583223498,4.163336342344337e-17,6.412242990878891e-05
206,2,0.03640013897260467,0.03640013897260467,0.03628396709943777,0.0,-0.00011617187316689814
207,2,0.019850830041760564,0.01985083004176058,0.019878305618724692,1.734723475976807e-17,2.747557696412828e-05
208,2,-0.10548801755394693,-0.10548801755394684,-0.10551756730261336,9.71445146547012e-17,-2.9549748666424236e-05
209,2,0.051021437106716486,0.051021437106716416,0.05129292575429967,-6.938893903907228e-17,0.0002714886475831818
210,2,0.11868887722933769,0.1186888772293375,0.118774109298527,-1.8041124150158794e-16,8.523206918931159e-05
211,2,0.020445982430054566,0.020445982430054566,0.020523457525104115,0.0,7.747509504954855e-05
212,2,0.010566157504587934,0.010566157504587918,0.01059639366828721,-1.5612511283791264e-17,3.0236163699275814e-05
213,2,0.03154397440360426,0.03154397440360421,0.03176064481147281,-4.85722573273506e-17,0.00021667040786855357
214,2,0.032895346682437036,0.03289534668243703,0.03286184476411656,-6.938893903907228e-18,-3.35019183204735e-05
215,2,0.0060910588692348906,0.006091058869234898,0.006100504853911554,7.806255641895632e-18,9.44598467666341e-06
216,2,-0.016876640244674758,-0.01687664024467473,-0.0168519189523442,2.7755575615628914e-17,2.472129233055745e-05
217,2,0.01633231917454269,0.016332319174542722,0.016421821048297074,3.122502256758253e-17,8.950187375438359e-05
218,2,-0.06193207694965919,-0.061932076949659166,-0.0618713624861761,2.0816681711721685e-17,6.071446348308862e-05
219,2,-0.0849857869709347,-0.08498578697093472,-0.08498830881668222,-1.3877787807814457e-17,-2.5218457475190137e-06
220,2,0.06144220703475751,0.061442207034757626,0.061520571290363195,1.1796119636642288e-16,7.836425560568683e-05
221,2,-0.02068006466345008,-0.020680064663450022,-0.020571342341984808,5.898059818321144e-17,0.00010872232146527314
222,2,0.03232319466499417,0.03232319466499419,0.03236330973280515,2.0816681711721685e-17,4.0115067810979343e-05
223,2,0.07018515228880183,0.07018515228880182,0.07027651938808825,-1.3877787807814457e-17,9.136709928642128e-05
224,2,0.05509191644474135,0.05509191644474124,0.05512903101675413,-1.1102230246251565e-16,3.711457201277524e-05
225,3,-0.024983984111768713,-0.02498398411176875,-0.025066817748474787,-3.8163916471489756e-17,-8.283363670607419e-05
226,3,0.014661648747060423,0.014661648747060552,0.014646489126743387,1.2836953722228372e-16,-1.5159620317036285e-05
227,3,-0.05264525187144379,-0.05264525187144393,-0.05258823594099826,-1.3877787807814457e-16,5.701593044552672e-05
228,3,-0.0047211549112483805,-0.004721154911248409,-0.004607966849020997,-2.862293735361732e-17,0.00011318806222738315
229,3,0.04722445828391413,0.04722445828391421,0.04714177987289507,7.632783294297951e-17,-8.267841101906176e-05
230,3,0.0014458865609580914,0.0014458865609581466,0.0014932707464309003,5.5294310796760726e-17,4.738418547280891e-05
231,3,-0.1287305815863941,-0.12873058158639414,-0.12876460455872754,-2.7755575615628914e-17,-3.402297233343066e-05
232,3,-0.10163764052727471,-0.10163764052727482,-0.10146706297677695,-1.1102230246251565e-16,0.00017057755049776357
233,3,-0.03618913087580631,-0.03618913087580631,-0.03612544319106352,0.0,6.368768474279002e-05
234,3,0.060191773241574695,0.06019177324157485,0.060279885691156686,1.5265566588595902e-16,8.811244958199099e-05
235,3,0.008988089152559121,0.008988089152559114,0.009123399155900064,-6.938893903907228e-18,0.00013531000334094344
236,3,0.00637804841032645,0.006378048410326535,0.006446475779120314,8.500145032286355e-17,6.842736879386462e-05
237,3,-0.05941188362540962,-0.059411883625409674,-0.05944980987454986,-5.551115123125783e-17,-3.7926249140243784e-05
238,3,0.0066109401090878655,0.006610940109087854,0.006731353991008714,-1.1275702593849246e-17,0.00012041388192084862
239,3,-0.10271705427233688,-0.10271705427233711,-0.10284157051942115,-2.3592239273284576e-16,-0.00012451624708427478
240,3,0.015432675028992456,0.015432675028992515,0.015270365595242247,5.898059818321144e-17,-0.00016230943375020873
241,3,0.05323908726577535,0.05323908726577543,0.05308287016138633,7.632783294297951e-17,-0.00015621710438901842
242,3,-0.03691156111775621,-0.03691156111775625,-0.03682499254918479,-4.163336342344337e-17,8.656856857142126e-05
243,3,0.04895715818467807,0.04895715818467807,0.04913406052887358,0.0,0.00017690234419550505
244,3,-0.03250106930802828,-0.03250106930802811,-0.03256371239563291,1.6653345369377348e-16,-6.2643087604633e-05
245,3,0.0066535182631383884,0.006653518263138354,0.006686467511157125,-3.469446951953614e-17,3.2949248018736624e-05
246,3,-0.006137100543540036,-0.006137100543540142,-0.006179687935608606,-1.0581813203458523e-16,-4.258739206856963e-05
247,3,0.004237830800441742,0.004237830800441721,0.0041874160170275185,-2.0816681711721685e-17,-5.041478341422361e-05
248,3,0.06893727955057964,0.06893727955057978,0.06863962057653385,1.3877787807814457e-16,-0.00029765897404579467
249,3,0.03978419917822242,0.03978419917822244,0.04000051128915568,2.0816681711721685e-17,0.00021631211093325886
250,3,-0.03059704546661553,-0.030597045466615586,-0.030651801301756824,-5.551115123125783e-17,-5.475583514129301e-05
251,3,-0.12482956723528253,-0.12482956723528282,-0.12479357648855273,-2.914335439641036e-16,3.5990746729802625e-05
252,3,0.04039762906632877,0.04039762906632881,0.04013960683730294,3.469446951953614e-17,-0.0002580222290258366
253,3,0.03448817304194018,0.034488173041940275,0.03447286014863852,9.71445146547012e-17,-1.5312893301658304e-05
254,3,0.007472338023326719,0.007472338023326729,0.007595533033322988,9.540979117872439e-18,0.000123195009996269
255,3,-0.025200601824426464,-0.025200601824426502,-0.025041065428209597,-3.8163916471489756e-17,0.00015953639621686666
256,3,0.07216321327876123,0.07216321327876121,0.07210989947250197,-1.3877787807814457e-17,-5.331380625925308e-05
257,3,-0.0806871361761987,-0.08068713617619885,-0.08088801972573269,-1.5265566588595902e-16,-0.00020088354953398668
258,3,-0.03541227726116207,-0.03541227726116217,-0.03524189927915656,-9.71445146547012e-17,0.00017037798200551096
259,3,-0.0662009939176386,-0.06620099391763874,-0.06608918427748875,-1.3877787807814457e-16,0.00011180964014985417
260,3,0.016763376847786508,0.016763376847786508,0.016815057535951805,0.0,5.1680688165297445e-05
261,3,-0.02106296430156974,-0.021062964301569818,-0.020938313417461527,-7.632783294297951e-17,0.00012465088410821418
262,3,0.09531377280243214,0.09531377280243218,0.09525938793177817,4.163336342344337e-17,-5.438487065397013e-05
263,3,0.0008039058258382356,0.0008039058258382134,0.0009565533809078457,-2.222614453595284e-17,0.00015264755506961007
264,3,-0.010781404082805361,-0.010781404082805316,-0.010899775084010037,4.5102810375396984e-17,-0.00011837100120467604
265,3,0.025855667208182095,0.025855667208182085,0.025912796477489026,-1.0408340855860843e-17,5.7129269306930436e-05
266,3,-0.03305644112354233,-0.03305644112354233,-0.03285649287818196,0.0,0.00019994824536036931
267,3,-0.04893517930708722,-0.04893517930708737,-0.04898143989427453,-1.5265566588595902e-16,-4.626058718731202e-05
268,3,0.02415387938864722,0.024153879388647208,0.024283554121838635,-1.3877787807814457e-17,0.0001296747331914136
269,3,-0.022077681202051166,-0.02207768120205121,-0.02194892064154139,-4.5102810375396984e-17,0.00012876056050977608
270,3,0.04406225836686445,0.04406225836686452,0.04424479420784259,6.938893903907228e-17,0.00018253584097813885
271,3,0.015114288760792642,0.015114288760792629,0.015034908279705507,-1.3877787807814457e-17,-7.938048108713583e-05
272,3,0.005256052562296882,0.005256052562296956,0.00520949167784943,7.45931094670027e-17,-4.656088444745122e-05
273,3,0.0030903241948492025,0.0030903241948491626,0.0031071468957647825,-3.9898639947466563e-17,1.682270091558002e-05
274,3,-0.0038966461678522726,-0.0038966461678522518,-0.003747240418654687,2.0816681711721685e-17,0.0001494057491975855
275,3,0.018398663323519308,0.01839866332351922,0.01826852617848178,-8.673617379884035e-17,-0.00013013714503752605
276,3,-0.01793353528489215,-0.01793353528489217,-0.01793876937519626,-2.0816681711721685e-17,-5.234090304111205e-06
277,3,-0.08838436496335839,-0.08838436496335829,-0.08821849592769752,9.71445146547012e-17,0.0001658690356608622
278,3,0.0035124358077330982,0.0035124358077331316,0.0034217915947436896,3.3393426912553537e-17,-9.064421298940863e-05
279,3,-0.02079454828635742,-0.020794548286357448,-0.02057578966857718,-2.7755575615628914e-17,0.0002187586177802396
280,3,-0.06216374304393256,-0.06216374304393261,-0.06220072677842848,-4.85722573273506e-17,-3.6983734495919796e-05
281,3,0.03524553232206591,0.03524553232206587,0.03515455351293346,-4.163336342344337e-17,-9.097880913245399e-05
282,3,-0.0171669379586198,-0.017166937958619757,-0.017215064554928765,4.163336342344337e-17,-4.812659630896651e-05
283,3,-0.07879198677444271,-0.07879198677444281,-0.07875536460554428,-9.71445146547012e-17,3.6622168898436946e-05
284,3,-0.003375432008870963,-0.003375432008870999,-0.003122811931596272,-3.599551212651875e-17,0.00025262007727469083
285,3,-0.030463604133770337,-0.03046360413377034,-0.030414704466425895,-3.469446951953614e-18,4.889966734444168e-05
286,3,-0.07681964062165847,-0.0768196406216586,-0.07648924572325132,-1.249000902703301e-16,0.00033039489840715197
287,3,0.014094270229149912,0.01409427022914992,0.01395463523797704,8.673617379884035e-18,-0.0001396349911728708
288,3,-0.04742952197025429,-0.04742952197025429,-0.04735866265002076,0.0,7.08593202335267e-05
289,3,0.03243223909220165,0.03243223909220173,0.032326381178042596,7.632783294297951e-17,-0.00010585791415905488
290,3,-0.040518896582633544,-0.04051889658263359,-0.040616056344484855,-4.85722573273506e-17,-9.715976185131064e-05
291,3,0.044110648949349324,0.04411064894934934,0.04407085534639764,1.3877787807814457e-17,-3.979360295168488e-05
292,3,0.01920656638814294,0.019206566388142946,0.019053267730504284,6.938893903907228e-18,-0.00015329865763865497
293,3,0.004903403832278058,0.00490340383227807,0.004874741992450557,1.214306433183765e-17,-2.8661839827501083e-05
294,3,-0.03412365032862498,-0.034123650328624966,-0.034142693621001655,1.3877787807814457e-17,-1.9043292376674792e-05
295,3,0.0408494259776368,0.0408494259776367,0.040803357833248566,-9.71445146547012e-17,-4.606814438823381e-05
296,3,0.02273398809764713,0.022733988097647186,0.022850935299656157,5.551115123125783e-17,0.00011694720200902675
297,3,-0.01636121547754351,-0.016361215477543527,-0.016248079685606355,-1.734723475976807e-17,0.00011313579193715506
298,3,0.026213993902263723,0.026213993902263734,0.026346817720928156,1.0408340855860843e-17,0.00013282381866443205
299,3,-0.04630188872453071,-0.046301888724530754,-0.04622495228764584,-4.163336342344337e-17,7.693643688487517e-05
300,3,-0.05777750459389397,-0.0577775045938939,-0.0576406766715168,6.938893903907228e-17,0.0001368279223771668
301,3,-0.0043145329431876385,-0.004314532943187658,-0.0042823915406083385,-1.9081958235744878e-17,3.2141402579300045e-05
302,3,0.003210704377809627,0.0032107043778096113,0.0031582909242053527,-1.5612511283791264e-17,-5.241345360427422e-05
303,3,0.019318670709125765,0.019318670709125775,0.019059641691299305,1.0408340855860843e-17,-0.00025902901782645996
304,3,0.0029366645364194296,0.0029366645364194157,0.0031347289344557613,-1.3877787807814457e-17,0.00019806439803633172
305,3,0.0560144091621266,0.05601440916212652,0.05611077378317962,-7.632783294297951e-17,9.636462105302307e-05
306,3,-0.05826228320345945,-0.0582622832034595,-0.058132097512319035,-4.85722573273506e-17,0.00013018569114041367
307,3,0.025658188366707503,0.025658188366707604,0.02566080017877929,1.0061396160665481e-16,2.6118120717878723e-06
308,3,0.01018709128215237,0.010187091282152401,0.010165110890439344,3.122502256758253e-17,-2.1980391713026168e-05
309,3,0.06122876684999017,0.06122876684999031,0.061220057235233626,1.3877787807814457e-16,-8.709614756546857e-06
310,3,0.0056395712487694585,0.005639571248769469,0.005697053547043228,1.0408340855860843e-17,5.748229827376959e-05
311,3,0.014280145730110848,0.014280145730110863,0.014393338280669628,1.5612511283791264e-17,0.00011319255055878066
312,3,0.07951657040648807,0.07951657040648824,0.07942364122358475,1.6653345369377348e-16,-9.292918290332297e-05
313,3,0.035950095301611196,0.035950095301611106,0.036031836922145836,-9.020562075079397e-17,8.174162053464079e-05
314,3,0.027474425423566397,0.027474425423566387,0.027555738905277016,-1.0408340855860843e-17,8.131348171061883e-05
315,3,-0.01761331357061378,-0.01761331357061382,-0.017672236535111626,-3.8163916471489756e-17,-5.892296449784562e-05
316,3,0.006273166636213411,0.006273166636213448,0.006345426870960988,3.729655473350135e-17,7.226023474757662e-05
317,3,-0.07460137138702123,-0.07460137138702141,-0.07447402699042327,-1.8041124150158794e-16,0.00012734439659796426
318,3,-0.03809161473082588,-0.03809161473082582,-0.03806227764844094,6.245004513516506e-17,2.9337082384943425e-05
319,3,0.02920976581289929,0.0292097658128993,0.029206078579559192,6.938893903907228e-18,-3.6872333400994606e-06
320,3,-0.08032400711634764,-0.08032400711634768,-0.08006981222440523,-4.163336342344337e-17,0.0002541948919424081
321,3,0.004193787906690094,0.0041937879066901,0.004121436027106609,6.071532165918825e-18,-7.235187958348505e-05
322,3,0.0008051633281710608,0.000805163328171055,0.0009651295670428377,-5.7462715141731735e-18,0.00015996623887177695
323,3,0.01756661714865757,0.017566617148657582,0.01768299616487959,1.3877787807814457e-17,0.00011637901622202004
324,3,-0.07658263820275672,-0.07658263820275676,-0.07649268011152394,-4.163336342344337e-17,8.995809123278631e-05
325,3,-0.09168714726691407,-0.09168714726691389,-0.09184976336527033,1.8041124150158794e-16,-0.000162616098356258
326,3,0.05009332658095394,0.05009332658095395,0.05016802774764352,1.3877787807814457e-17,7.470116668958221e-05
327,3,0.004998658855767536,0.004998658855767518,0.004871908007592967,-1.8214596497756474e-17,-0.0001267508481745689
328,3,0.018517560274467253,0.018517560274467267,0.018595034690271416,1.3877787807814457e-17,7.747441580416292e-05
329,3,0.07298595646457655,0.0729859564645765,0.0729710749290177,-4.163336342344337e-17,-1.4881535558841641e-05
330,3,0.007848254871417035,0.007848254871417049,0.008037983809065168,1.3877787807814457e-17,0.00018972893764813287
331,3,-0.08867530011802845,-0.08867530011802845,-0.08895854029752585,0.0,-0.0002832401794974071
332,3,-0.01408983266282534,-0.014089832662825371,-0.014143078209870536,-3.122502256758253e-17,-5.3245547045195976e-05
333,3,0.036947092283018075,0.03694709228301803,0.037255708400475596,-4.163336342344337e-17,0.00030861611745752054
334,3,-0.019205994049348068,-0.019205994049348057,-0.019149834827266,1.0408340855860843e-17,5.615922208206808e-05
335,3,-0.013673737260149952,-0.013673737260149976,-0.013722646107869768,-2.42861286636753e-17,-4.89088477198165e-05
336,3,-0.027158475147642074,-0.027158475147642087,-0.02725554533386439,-1.3877787807814457e-17,-9.707018622231653e-05
337,3,0.06627008070104408,0.06627008070104402,0.0663114985415959,-5.551115123125783e-17,4.1417840551824514e-05
338,3,0.05613128401419797,0.05613128401419802,0.055997851136217525,4.85722573273506e-17,-0.00013343287798044806
339,3,-0.0817070305467129,-0.08170703054671302,-0.08160461609245105,-1.249000902703301e-16,0.00010241445426184548
340,3,0.08597271311800044,0.08597271311800052,0.08563824021269596,8.326672684688674e-17,-0.0003344729053044726
341,3,-0.03494745054967151,-0.034947450549671556,-0.0349757441369204,-4.85722573273506e-17,-2.8293587248894025e-05
342,3,0.09154168685608129,0.09154168685608129,0.09127841085436134,0.0,-0.00026327600171995036
343,3,-0.05932010593321555,-0.05932010593321552,-0.05941231077081314,3.469446951953614e-17,-9.220483759758702e-05
344,3,0.049734620521550484,0.04973462052155058,0.04977531964422996,9.71445146547012e-17,4.0699122679475896e-05
345,3,-0.025572576763151104,-0.025572576763151156,-0.025685774180043378,-5.204170427930421e-17,-0.00011319741689227308
346,3,-0.0070303260073015,-0.007030326007301496,-0.006930751050905677,3.469446951953614e-18,9.957495639582262e-05
347,3,0.03988163273922974,0.03988163273922974,0.039733883413991686,0.0,-0.00014774932523805434
348,3,-0.03339321638160409,-0.033393216381604064,-0.03351484463546359,2.7755575615628914e-17,-0.00012162825385950149
349,3,0.014235400783072593,0.014235400783072612,0.014396901514347187,1.9081958235744878e-17,0.00016150073127459315
350,3,0.013881066649858893,0.01388106664985888,0.01380872121986379,-1.3877787807814457e-17,-7.234542999510346e-05
351,3,0.05378201126689322,0.05378201126689332,0.05378526856362674,9.71445146547012e-17,3.257296733519266e-06
352,3,0.06170038185677482,0.06170038185677491,0.061829217325057105,8.326672684688674e-17,0.00012883546828228176
353,3,0.08483173846847412,0.08483173846847421,0.08478092633070244,8.326672684688674e-17,-5.0812137771680255e-05
354,3,0.013718806304598081,0.013718806304598073,0.01392204165602099,-8.673617379884035e-18,0.0002032353514229094
355,3,0.018452530759202862,0.018452530759202886,0.01864740121680572,2.42861286636753e-17,0.00019487045760285815
356,3,-0.025670269987344382,-0.025670269987344445,-0.025830773091657933,-6.245004513516506e-17,-0.0001605031043135502
357,3,-0.03462236291158112,-0.03462236291158118,-0.03452518459811737,-6.245004513516506e-17,9.717831346375133e-05
358,3,-0.059646772089752095,-0.059646772089752144,-0.05974248179764826,-4.85722573273506e-17,-9.570970789616468e-05
359,3,-0.01021600534775997,-0.010216005347759965,-0.010282118200727736,5.204170427930421e-18,-6.611285296776598e-05
360,3,0.0070610884580715886,0.007061088458071625,0.007026410477139398,3.642919299551295e-17,-3.467798093219083e-05
361,3,0.000912737557464211,0.0009127375574641714,0.0006421210472274034,-3.957337929572091e-17,-0.00027061651023680766
362,3,0.025883736021200407,0.02588373602120039,0.025766017924377452,-1.734723475976807e-17,-0.0001177180968229552
363,3,-0.06122808966572958,-0.061228089665729644,-0.06135313441533218,-6.245004513516506e-17,-0.00012504474960259998
364,3,0.07822176464034217,0.0782217646403422,0.07797924215057335,2.7755575615628914e-17,-0.00024252248976881774
365,3,0.013865035793221502,0.013865035793221505,0.013889718245608917,3.469446951953614e-18,2.468245238741555e-05
366,3,0.04935479431975344,0.049354794319753474,0.04932382048851454,3.469446951953614e-17,-3.097383123890074e-05
367,3,0.015586867387700655,0.015586867387700664,0.015673373973813347,8.673617379884035e-18,8.650658611269145e-05
368,3,-0.039571957226931936,-0.03957195722693199,-0.03954425572950459,-5.551115123125783e-17,2.7701497427347344e-05
369,3,-0.014711818572995828,-0.014711818572995859,-0.014658237160337102,-3.122502256758253e-17,5.358141265872536e-05
370,3,-0.14890729122841506,-0.14890729122841498,-0.14888519430516287,8.326672684688674e-17,2.2096923252196143e-05
371,3,0.009654748549126992,0.009654748549126988,0.009694125422357286,-3.469446951953614e-18,3.937687323029432e-05
372,3,-0.0031289561138639955,-0.003128956113863982,-0.0029628861889797564,1.3444106938820255e-17,0.0001660699248842391
373,3,0.054763886144818336,0.054763886144818356,0.05481637271208069,2.0816681711721685e-17,5.248656726235257e-05
374,3,-0.07927622144755668,-0.07927622144755676,-0.07958217099079952,-8.326672684688674e-17,-0.0003059495432428394
375,3,-0.003547883236818509,-0.003547883236818496,-0.003547841847622314,1.3010426069826053e-17,4.138919619534054e-08
376,3,-0.013788214761416654,-0.013788214761416626,-0.014059254541351872,2.7755575615628914e-17,-0.0002710397799352178
377,3,-0.05702903939092745,-0.05702903939092746,-0.05727604390834539,-1.3877787807814457e-17,-0.0002470045174179439
378,3,-0.06628290412133801,-0.06628290412133801,-0.0660353778597412,0.0,0.00024752626159681157
379,3,-0.05307050191864762,-0.05307050191864766,-0.05285638291559322,-3.469446951953614e-17,0.00021411900305440268
380,3,0.04441951355413147,0.04441951355413151,0.0442208596148736,4.163336342344337e-17,-0.0001986539392578729
381,3,0.044483050472254454,0.04448305047225449,0.04453291071659717,3.469446951953614e-17,4.986024434271846e-05
382,3,-0.06500914756913825,-0.06500914756913832,-0.06491431136853244,-6.938893903907228e-17,9.483620060581066e-05
383,3,-0.007527425366630806,-0.007527425366630791,-0.00755714621419411,1.5612511283791264e-17,-2.9720847563303836e-05
384,3,0.021372022305110688,0.021372022305110684,0.021485937451273935,-3.469446951953614e-18,0.00011391514616324733
385,3,0.014702545797674695,0.014702545797674679,0.014733336418500642,-1.5612511283791264e-17,3.079062082594723e-05
386,3,-0.06855459557169583,-0.0685545955716958,-0.06860508648461118,2.7755575615628914e-17,-5.049091291535468e-05
387,3,-0.027163753108193103,-0.02716375310819313,-0.026971794275305466,-2.7755575615628914e-17,0.00019195883288763635
388,3,-0.06481906029143189,-0.06481906029143197,-0.0647696215076118,-8.326672684688674e-17,4.943878382009104e-05
389,3,0.04588784394336295,0.045887843943363045,0.04621289051135263,9.71445146547012e-17,0.0003250465679896855
390,3,0.11717009926204482,0.1171700992620448,0.11686892894747611,-1.3877787807814457e-17,-0.0003011703145687078
391,3,-0.002251522235065806,-0.0022515222350658164,-0.0021597132121956345,-1.0408340855860843e-17,9.180902287017146e-05
392,3,-0.09687098354924895,-0.09687098354924917,-0.09717266148717645,-2.220446049250313e-16,-0.00030167793792749975
393,3,0.0369556062037994,0.03695560620379939,0.03691580822861273,-1.3877787807814457e-17,-3.9797975186675605e-05
394,3,0.07028637371782791,0.07028637371782791,0.07063711463427555,0.0,0.00035074091644764216
395,3,0.0667575181905328,0.06675751819053274,0.06668205733201564,-5.551115123125783e-17,-7.546085851715956e-05
396,3,0.007433006367410755,0.007433006367410737,0.007310513272688723,-1.8214596497756474e-17,-0.00012249309472203186
397,3,0.02391953060388022,0.023919530603880194,0.02425951545906451,-2.7755575615628914e-17,0.0003399848551842895
398,3,0.004282341370137713,0.004282341370137664,0.0044375161090268195,-4.9439619065339e-17,0.00015517473888910626
399,3,0.03253088689432744,0.03253088689432747,0.0324193585577885,2.7755575615628914e-17,-0.00011152833653894217
400,3,0.04250196914422658,0.04250196914422659,0.04267886122425193,6.938893903907228e-18,0.0001768920800253454
401,3,-0.034021716569197946,-0.03402171656919806,-0.03414152165111487,-1.1102230246251565e-16,-0.00011980508191692524
402,3,-0.02647903320001506,-0.026479033200015014,-0.02656150544019733,4.5102810375396984e-17,-8.247224018227001e-05
403,3,-0.01542532917666659,-0.015425329176666632,-0.015609875624691221,-4.163336342344337e-17,-0.00018454644802463026
404,3,-0.010397318417946437,-0.010397318417946411,-0.010479610327349637,2.6020852139652106e-17,-8.229190940320028e-05
405,3,0.008656050220771452,0.008656050220771401,0.008649260963165175,-5.0306980803327406e-17,-6.7892576062766885e-06
406,3,0.05050402924576008,0.05050402924576009,0.05043770090634021,1.3877787807814457e-17,-6.632833941986466e-05
407,3,-0.058987631832609855,-0.05898763183260989,-0.05866874650925655,-3.469446951953614e-17,0.0003188853233533073
408,3,0.041467731493119775,0.041467731493119754,0.04144442304699715,-2.0816681711721685e-17,-2.3308446122624615e-05
409,3,-0.008894448308095911,-0.008894448308095913,-0.008956190272406891,-1.734723475976807e-18,-6.17419643109806e-05
410,3,-0.12939654962196376,-0.12939654962196384,-0.12952845644944047,-8.326672684688674e-17,-0.00013190682747671323
411,3,-0.01800050939305103,-0.018000509393051013,-0.0178944195566708,1.734723475976807e-17,0.00010608983638022915
412,3,-0.012319985404226439,-0.012319985404226427,-0.012321783942099254,1.214306433183765e-17,-1.7985378728147677e-06
413,3,0.02475000627577554,0.024750006275775616,0.024364169400225823,7.632783294297951e-17,-0.0003858368755497166
414,3,0.026616799795354515,0.02661679979535451,0.026508863094679102,-3.469446951953614e-18,-0.00010793670067541297
415,3,-0.0002873857706764906,-0.0002873857706765036,-8.33534186927005e-05,-1.3010426069826053e-17,0.00020403235198379008
416,3,-0.036769653985326924,-0.03676965398532699,-0.036761120278250695,-6.938893903907228e-17,8.533707076228969e-06
417,3,0.04301451574422845,0.04301451574422844,0.042891787051890645,-1.3877787807814457e-17,-0.00012272869233780764
418,3,-0.030570359702386852,-0.03057035970238693,-0.03072087607473643,-7.979727989493313e-17,-0.0001505163723495781
419,3,-0.05365475448188203,-0.05365475448188207,-0.05361883167537482,-3.469446951953614e-17,3.592280650721591e-05
420,3,-0.028961419286975265,-0.02896141928697526,-0.029022903740917344,3.469446951953614e-18,-6.148445394207891e-05
421,3,-0.02431633486576202,-0.024316334865762013,-0.024436033732845374,6.938893903907228e-18,-0.00011969886708335445
422,3,-0.005151831604229406,-0.005151831604229398,-0.0050788944891995815,7.806255641895632e-18,7.293711502982456e-05
423,3,-0.020223723873348327,-0.020223723873348354,-0.020036331235238073,-2.7755575615628914e-17,0.00018739263811025364
424,3,-0.016450234925862582,-0.01645023492586263,-0.016500421001491454,-4.85722573273506e-17,-5.0186075628871896e-05
425,3,0.03348204381322729,0.0334820438132273,0.03374038765909678,1.3877787807814457e-17,0.00025834384586949366
426,3,0.03595956681282166,0.03595956681282168,0.03602072098347918,2.0816681711721685e-17,6.115417065751666e-05
427,3,0.024056657268961234,0.024056657268961244,0.023868425773949452,1.0408340855860843e-17,-0.00018823149501178207
428,3,-0.013970474374562575,-0.013970474374562579,-0.014010411230432836,-3.469446951953614e-18,-3.993685587026091e-05
429,3,-0.030124626306183365,-0.03012462630618337,-0.030208278780415262,-3.469446951953614e-18,-8.365247423189684e-05
430,3,-0.010463883219013542,-0.010463883219013535,-0.010473940472186354,6.938893903907228e-18,-1.0057253172811656e-05
431,3,-0.006622823241110107,-0.006622823241110074,-0.0066135928428663155,3.2959746043559335e-17,9.230398243791071e-06
432,3,0.03798875587974461,0.03798875587974459,0.038012609525337714,-2.0816681711721685e-17,2.3853645593104045e-05
433,3,-0.012650975015656731,-0.012650975015656757,-0.012671826838542823,-2.6020852139652106e-17,-2.0851822886091415e-05
434,3,-0.05438955709346329,-0.05438955709346329,-0.0544060116081903,0.0,-1.6454514727010094e-05
435,3,-0.03780038107180913,-0.03780038107180915,-0.037860634374881325,-2.0816681711721685e-17,-6.025330307219551e-05
436,3,0.07964756329303346,0.07964756329303352,0.07963210286397211,5.551115123125783e-17,-1.546042906135081e-05
437,3,-0.04210677519566114,-0.04210677519566118,-0.042093218630601725,-4.163336342344337e-17,1.3556565059413828e-05
438,3,-0.05705655119199439,-0.0570565511919945,-0.05694691842941274,-1.1102230246251565e-16,0.000109632762581649
439,3,-0.013167983835882814,-0.013167983835882833,-0.013028550729430653,-1.9081958235744878e-17,0.0001394331064521609
440,3,0.07950668892381206,0.07950668892381225,0.07923123385612757,1.942890293094024e-16,-0.0002754550676844908
441,3,0.004354004242817637,0.004354004242817612,0.0041427420742496494,-2.5153490401663703e-17,-0.00021126216856798795
442,3,0.013212186784987836,0.013212186784987832,0.013357846300504269,-3.469446951953614e-18,0.00014565951551643273
443,3,-0.07117697294514572,-0.07117697294514572,-0.07107089748092016,0.0,0.00010607546422555791
444,3,-0.06766741857770187,-0.06766741857770196,-0.06769630425134344,-9.71445146547012e-17,-2.8885673641579346e-05
445,3,-0.00010703077341303611,-0.0001070307734130582,-2.555956651132883e-05,-2.2090619264392153e-17,8.147120690170728e-05
446,3,-0.020659759640897304,-0.02065975964089725,-0.020819202674821426,5.204170427930421e-17,-0.00015944303392412262
447,3,0.01759199452862747,0.017591994528627464,0.017591209395746335,-6.938893903907228e-18,-7.851328811363245e-07
448,3,-0.049773391363912116,-0.04977339136391212,-0.0498194665082487,-6.938893903907228e-18,-4.607514433658394e-05
449,3,0.04754193395807007,0.047541933958070146,0.04737659273825458,7.632783294297951e-17,-0.0001653412198154916
450,3,0.06128577981312008,0.061285779813120105,0.06128478082717442,2.7755575615628914e-17,-9.989859456535632e-07
451,3,-0.06983803121850671,-0.06983803121850671,-0.06977493135171825,0.0,6.309986678845747e-05
452,3,0.011067207710968183,0.011067207710968141,0.01099251990660322,-4.163336342344337e-17,-7.468780436496215e-05
453,3,-0.012606089361053806,-0.012606089361053839,-0.012678484421568213,-3.2959746043559335e-17,-7.239506051440713e-05
454,3,0.06512925678775855,0.06512925678775856,0.06530678114659937,1.3877787807814457e-17,0.00017752435884081652
455,3,0.010195504416939689,0.010195504416939666,0.010216095977408343,-2.2551405187698492e-17,2.0591560468654485e-05
456,3,0.04303640197324374,0.04303640197324368,0.043154969655561926,-5.551115123125783e-17,0.00011856768231818804
457,3,-0.003443369765862497,-0.003443369765862497,-0.0034622919019819034,0.0,-1.892213611940632e-05
458,3,0.01418467856410039,0.014184678564100371,0.014167896025957093,-1.9081958235744878e-17,-1.6782538143297193e-05
459,3,0.09629058758893887,0.09629058758893906,0.09645328835969304,1.942890293094024e-16,0.00016270077075417055
460,3,0.09374133135917698,0.093741331359177,0.09402411743855515,2.7755575615628914e-17,0.0002827860793781778
461,3,-0.0765888013559885,-0.07658880135598842,-0.07653981488060291,8.326672684688674e-17,4.8986475385592865e-05
462,3,0.017211984175173344,0.017211984175173386,0.017194612918104844,4.163336342344337e-17,-1.7371257068500567e-05
463,3,0.010893466663412734,0.010893466663412755,0.011131742416672133,2.0816681711721685e-17,0.0002382757532593989
464,3,-0.04847809779751784,-0.048478097797517876,-0.04857424446798266,-3.469446951953614e-17,-9.61466704648209e-05
465,3,-0.03467313642976714,-0.03467313642976726,-0.03473385779400083,-1.1796119636642288e-16,-6.072136423369151e-05
466,3,0.008349388883085231,0.008349388883085259,0.00832456883132928,2.7755575615628914e-17,-2.482005175595027e-05
467,3,0.04316059541248325,0.043160595412483314,0.04333688216960898,6.245004513516506e-17,0.0001762867571257279
468,3,0.02361695157415998,0.023616951574160015,0.02369011732796591,3.469446951953614e-17,7.31657538059309e-05
469,3,-0.01890457831263541,-0.018904578312635388,-0.018850641763078574,2.0816681711721685e-17,5.393654955683502e-05
470,3,-0.047908369307073394,-0.04790836930707332,-0.04800246745904159,7.632783294297951e-17,-9.409815196819576e-05
471,3,-0.09450567605774,-0.09450567605774003,-0.09472191737917406,-2.7755575615628914e-17,-0.00021624132143405195
472,3,0.0695267660389191,0.06952676603891904,0.0696161100006518,-5.551115123125783e-17,8.934396173271297e-05
473,3,-0.025135369186596077,-0.02513536918659616,-0.025188621675442224,-8.326672684688674e-17,-5.325248884614775e-05
474,3,-0.038800680612052205,-0.03880068061205216,-0.039056536240066664,4.163336342344337e-17,-0.00025585562801445916
475,3,0.01524283233917204,0.015242832339172056,0.015292720323672696,1.5612511283791264e-17,4.9887984500654806e-05
476,3,-0.0038779161851931285,-0.0038779161851931125,-0.0036502598618771104,1.6046192152785466e-17,0.00022765632331601818
477,3,-0.0007520664448978364,-0.00075206644489787,-0.0008349059231937102,-3.361026734705064e-17,-8.283947829587385e-05
478,3,0.029669186775718167,0.02966918677571818,0.02981190232730802,1.3877787807814457e-17,0.00014271555158985177
479,3,-0.021951235552534913,-0.02195123555253498,-0.022017398334347647,-6.591949208711867e-17,-6.616278181273416e-05
480,3,-0.047751483384200766,-0.04775148338420081,-0.04765701276591218,-4.163336342344337e-17,9.447061828858627e-05
481,3,-0.006435218340639555,-0.006435218340639558,-0.006352496782853763,-2.6020852139652106e-18,8.272155778579239e-05
482,3,0.002961006476761865,0.002961006476761866,0.0028369804561041785,8.673617379884035e-19,-0.00012402602065768667
483,3,-0.04913945134704151,-0.04913945134704151,-0.04902950388829581,0.0,0.00010994745874570028
484,3,-0.04989330403231136,-0.049893304032311375,-0.04973432721211093,-1.3877787807814457e-17,0.00015897682020043352
485,3,-0.04728611831485474,-0.0472861183148548,-0.04705671247713341,-5.551115123125783e-17,0.00022940583772133177
486,3,0.036831826389579485,0.0368318263895795,0.037062946562505715,1.3877787807814457e-17,0.00023112017292623022
487,3,0.06250195269431222,0.06250195269431218,0.06244194585027961,-4.163336342344337e-17,-6.000684403260903e-05
488,3,0.05749373187847646,0.05749373187847642,0.05760876281599681,-3.469446951953614e-17,0.00011503093752035509
489,3,-0.04122471870144212,-0.041224718701442176,-0.041076728679516596,-5.551115123125783e-17,0.00014799002192552452
490,3,-0.031318499699339565,-0.03131849969933956,-0.03145572560940262,6.938893903907228e-18,-0.0001372259100630574
491,3,-0.057662378773138435,-0.05766237877313844,-0.05758544676534832,-6.938893903907228e-18,7.693200779011755e-05
492,3,0.08291899193908364,0.08291899193908366,0.08265109469740142,1.3877787807814457e-17,-0.00026789724168221896
493,3,-0.02186138042037991,-0.0218613804203799,-0.02184174036792735,1.0408340855860843e-17,1.964005245256098e-05
494,3,-0.001695155950261667,-0.0016951559502616702,-0.001868161173734774,-3.2526065174565133e-18,-0.00017300522347310715
